SpeciesName,longitude,latitude,Bio1,Bio12,TempMin,TempMax,PrecMin,PrecMax
Altingia_excelsa_Norona,32.794,-20.628,216,844,70,320,400,1300
Altingia_excelsa_Norona,32.823,-20.622,216,844,70,320,400,1300
Altingia_excelsa_Norona,42.017,9.4,175,804,70,320,400,1300
Altingia_excelsa_Norona,32.64,-18.942,186,866,70,320,400,1300
Altingia_excelsa_Norona,115.8,-32,185,782,70,320,400,1300
Altingia_excelsa_Norona,30.125,-24.625,184,759,70,320,400,1300
Altingia_excelsa_Norona,30.625,-28.125,168,814,70,320,400,1300
Altingia_excelsa_Norona,30.375,-22.875,188,1286,70,320,400,1300
Altingia_excelsa_Norona,30.125,-23.625,193,1055,70,320,400,1300
Altingia_excelsa_Norona,26.125,-32.625,152,585,70,320,400,1300
Altingia_excelsa_Norona,30.125,-24.125,177,990,70,320,400,1300
Altingia_excelsa_Norona,31.125,-26.625,176,999,70,320,400,1300
Altingia_excelsa_Norona,30.875,-24.625,170,1102,70,320,400,1300
Altingia_excelsa_Norona,29.875,-24.125,149,945,70,320,400,1300
Altingia_excelsa_Norona,30.125,-23.875,189,1092,70,320,400,1300
Altingia_excelsa_Norona,30.125,-23.375,199,911,70,320,400,1300
Altingia_excelsa_Norona,29.125,-23.125,197,460,70,320,400,1300
Altingia_excelsa_Norona,31.125,-25.875,165,1420,70,320,400,1300
Altingia_excelsa_Norona,31.125,-26.125,162,1298,70,320,400,1300
Altingia_excelsa_Norona,30.375,-24.125,210,710,70,320,400,1300
Altingia_excelsa_Norona,29.875,-23.125,190,730,70,320,400,1300
Altingia_excelsa_Norona,30.375,-23.875,216,659,70,320,400,1300
Altingia_excelsa_Norona,31.625,-26.375,210,687,70,320,400,1300
Altingia_excelsa_Norona,29.375,-23.875,176,561,70,320,400,1300
Altingia_excelsa_Norona,32.625,-18.875,180,910,70,320,400,1300
Altingia_excelsa_Norona,31.375,-26.625,208,699,70,320,400,1300
Altingia_excelsa_Norona,29.875,-23.875,147,1035,70,320,400,1300
Altingia_excelsa_Norona,30.125,-23.125,199,873,70,320,400,1300
Altingia_excelsa_Norona,30.625,-24.875,160,984,70,320,400,1300
Altingia_excelsa_Norona,30.875,-27.875,178,860,70,320,400,1300
Altingia_excelsa_Norona,29.625,-23.125,195,525,70,320,400,1300
Altingia_excelsa_Norona,30.875,-25.875,165,1180,70,320,400,1300
Altingia_excelsa_Norona,26.875,-31.875,159,548,70,320,400,1300
Altingia_excelsa_Norona,30.625,-25.875,183,925,70,320,400,1300
Altingia_excelsa_Norona,30.875,-24.375,216,560,70,320,400,1300
Altingia_excelsa_Norona,28.875,-23.125,188,565,70,320,400,1300
Altingia_excelsa_Norona,27.375,-32.625,162,836,70,320,400,1300
Altingia_excelsa_Norona,29.875,-22.875,197,666,70,320,400,1300
Altingia_excelsa_Norona,30.375,-23.625,200,910,70,320,400,1300
Altingia_excelsa_Norona,29.875,-23.625,169,1139,70,320,400,1300
Altingia_excelsa_Norona,29.625,-22.875,205,446,70,320,400,1300
Altingia_excelsa_Norona,30.875,-25.125,169,1130,70,320,400,1300
Altingia_excelsa_Norona,30.875,-24.875,164,1144,70,320,400,1300
Altingia_excelsa_Norona,28.625,-23.875,199,479,70,320,400,1300
Altingia_excelsa_Norona,30.625,-24.625,178,926,70,320,400,1300
Altingia_excelsa_Norona,29.125,-22.875,203,417,70,320,400,1300
Altingia_excelsa_Norona,30.875,-25.375,190,901,70,320,400,1300
Altingia_excelsa_Norona,30.125,-24.875,189,702,70,320,400,1300
Altingia_excelsa_Norona,27.125,-32.375,142,839,70,320,400,1300
Altingia_excelsa_Norona,31.375,-26.875,189,871,70,320,400,1300
Altingia_excelsa_Norona,30.375,-24.375,192,814,70,320,400,1300
Altingia_excelsa_Norona,31.375,-25.875,197,1068,70,320,400,1300
Altingia_excelsa_Norona,31.125,-25.125,203,833,70,320,400,1300
Altingia_excelsa_Norona,31.125,-26.375,169,1225,70,320,400,1300
Altingia_excelsa_Norona,31.375,-27.625,181,818,70,320,400,1300
Altingia_excelsa_Norona,30.875,-29.875,201,964,70,320,400,1300
Altingia_excelsa_Norona,31.125,-28.625,172,859,70,320,400,1300
Amaranthus_caudatus_L.,-84.083,9.406,263,3730,120,380,1000,8000
Amaranthus_caudatus_L.,-84.006,9.433,253,3503,120,380,1000,8000
Amaranthus_caudatus_L.,-84.901,9.936,270,1719,120,380,1000,8000
Amaranthus_caudatus_L.,-84.375,9.7,242,3086,120,380,1000,8000
Amaranthus_caudatus_L.,-84.055,9.356,263,3730,120,380,1000,8000
Amaranthus_caudatus_L.,29.823,1.231,226,1427,120,380,1000,8000
Amaranthus_caudatus_L.,31,1.5,250,980,120,380,1000,8000
Amaranthus_caudatus_L.,152.167,-4.167,266,2177,120,380,1000,8000
Amaranthus_caudatus_L.,-84.9,9.76,266,2099,120,380,1000,8000
Amaranthus_caudatus_L.,-74.678,7.095,253,3315,120,380,1000,8000
Amaranthus_caudatus_L.,-80.446,25.561,236,1541,120,380,1000,8000
Amaranthus_caudatus_L.,-83.106,8.854,224,3203,120,380,1000,8000
Amaranthus_caudatus_L.,37.363,-3.378,234,787,120,380,1000,8000
Amaranthus_caudatus_L.,-14.392,10.236,301,3267,120,380,1000,8000
Amaranthus_caudatus_L.,-8.501,7.652,238,2036,120,380,1000,8000
Amaranthus_cruentus_L.,-117,34,167,440,40,300,300,2800
Amaranthus_cruentus_L.,34.857,32.22,201,560,40,300,300,2800
Amaranthus_cruentus_L.,16.389,56.767,76,493,40,300,300,2800
Amaranthus_cruentus_L.,19.773,64.201,13,587,40,300,300,2800
Amaranthus_cruentus_L.,15.61,58.762,62,589,40,300,300,2800
Amaranthus_cruentus_L.,17.31,62.452,30,676,40,300,300,2800
Amaranthus_cruentus_L.,14.497,58.01,60,605,40,300,300,2800
Amaranthus_cruentus_L.,16.427,57.271,73,502,40,300,300,2800
Amaranthus_cruentus_L.,9.168,50.651,77,810,40,300,300,2800
Amaranthus_cruentus_L.,7.516,58.032,72,1367,40,300,300,2800
Amaranthus_cruentus_L.,7.454,58.038,70,1409,40,300,300,2800
Amaranthus_cruentus_L.,8.021,58.154,74,1263,40,300,300,2800
Amaranthus_cruentus_L.,10.378,59.174,72,727,40,300,300,2800
Amaranthus_cruentus_L.,10.016,59.088,68,744,40,300,300,2800
Amaranthus_cruentus_L.,10.803,59.66,61,767,40,300,300,2800
Amaranthus_cruentus_L.,11.397,59.36,60,801,40,300,300,2800
Amaranthus_cruentus_L.,10.771,59.922,52,778,40,300,300,2800
Amaranthus_cruentus_L.,9.671,59.099,65,762,40,300,300,2800
Amaranthus_cruentus_L.,-2.074,52.552,91,719,40,300,300,2800
Amaranthus_cruentus_L.,-1.926,52.463,90,717,40,300,300,2800
Amaranthus_cruentus_L.,-2.074,52.463,90,726,40,300,300,2800
Amaranthus_cruentus_L.,-1.926,52.552,92,715,40,300,300,2800
Amaranthus_cruentus_L.,-1.324,53.36,94,699,40,300,300,2800
Amaranthus_cruentus_L.,-4.253,51.902,100,1062,40,300,300,2800
Amaranthus_cruentus_L.,-0.909,51.918,96,635,40,300,300,2800
Amaranthus_cruentus_L.,-1.348,51.741,97,630,40,300,300,2800
Amaranthus_cruentus_L.,-0.488,51.464,104,629,40,300,300,2800
Amaranthus_cruentus_L.,-0.208,51.28,98,698,40,300,300,2800
Amaranthus_cruentus_L.,-1.766,54.979,82,687,40,300,300,2800
Amaranthus_cruentus_L.,-0.92,51.469,98,705,40,300,300,2800
Amaranthus_cruentus_L.,-0.882,52.997,98,600,40,300,300,2800
Amaranthus_cruentus_L.,-2.987,53.807,89,932,40,300,300,2800
Amaranthus_cruentus_L.,-4.039,50.376,103,994,40,300,300,2800
Amaranthus_cruentus_L.,-2.873,55.605,73,924,40,300,300,2800
Amaranthus_cruentus_L.,-5.297,50.258,100,1068,40,300,300,2800
Amaranthus_cruentus_L.,-2.892,56.414,82,667,40,300,300,2800
Amaranthus_cruentus_L.,-1.613,54.619,84,711,40,300,300,2800
Amaranthus_cruentus_L.,-3.302,54.164,88,951,40,300,300,2800
Amaranthus_cruentus_L.,1.276,51.967,102,557,40,300,300,2800
Amaranthus_cruentus_L.,-7.37,57.111,82,1245,40,300,300,2800
Amaranthus_cruentus_L.,-4.648,56.029,83,1508,40,300,300,2800
Amaranthus_cruentus_L.,-0.774,51.557,98,680,40,300,300,2800
Amaranthus_cruentus_L.,-1.779,52.462,92,680,40,300,300,2800
Amaranthus_cruentus_L.,-0.179,51.999,97,625,40,300,300,2800
Amaranthus_cruentus_L.,0.249,51.812,99,605,40,300,300,2800
Amaranthus_cruentus_L.,0.722,52.431,94,597,40,300,300,2800
Amaranthus_cruentus_L.,-4.18,50.374,105,991,40,300,300,2800
Amaranthus_cruentus_L.,-3.212,51.018,95,932,40,300,300,2800
Amaranthus_cruentus_L.,-1.077,50.84,102,833,40,300,300,2800
Amaranthus_cruentus_L.,-0.779,51.377,96,749,40,300,300,2800
Amaranthus_cruentus_L.,0.253,51.902,96,593,40,300,300,2800
Amaranthus_cruentus_L.,-3.874,53.257,90,959,40,300,300,2800
Amaranthus_cruentus_L.,-0.766,51.827,97,642,40,300,300,2800
Amaranthus_cruentus_L.,-1.2,51.92,94,619,40,300,300,2800
Amaranthus_cruentus_L.,0.104,51.814,100,614,40,300,300,2800
Amaranthus_cruentus_L.,-2.783,50.931,95,813,40,300,300,2800
Amaranthus_cruentus_L.,-2.523,53.091,93,784,40,300,300,2800
Amaranthus_cruentus_L.,-0.635,51.376,99,700,40,300,300,2800
Amaranthus_cruentus_L.,-1.203,51.741,98,643,40,300,300,2800
Amaranthus_cruentus_L.,-1.925,53.272,84,1144,40,300,300,2800
Amaranthus_cruentus_L.,-1.605,55.428,84,698,40,300,300,2800
Amaranthus_cruentus_L.,-1.066,51.38,98,730,40,300,300,2800
Amaranthus_cruentus_L.,-1.053,52.009,94,631,40,300,300,2800
Amaranthus_cruentus_L.,-3.762,50.471,97,996,40,300,300,2800
Amaranthus_cruentus_L.,0.7,52.072,95,544,40,300,300,2800
Amaranthus_cruentus_L.,0.716,52.341,93,582,40,300,300,2800
Amaranthus_cruentus_L.,1.595,52.318,98,592,40,300,300,2800
Amaranthus_cruentus_L.,0.569,52.345,94,548,40,300,300,2800
Amaranthus_cruentus_L.,1.435,52.143,97,585,40,300,300,2800
Amaranthus_cruentus_L.,0.84,51.979,97,546,40,300,300,2800
Amaranthus_cruentus_L.,-3.236,51.917,83,1213,40,300,300,2800
Amaranthus_cruentus_L.,0.927,51.077,103,664,40,300,300,2800
Amaranthus_cruentus_L.,-1.772,53.811,89,941,40,300,300,2800
Amaranthus_cruentus_L.,-2.073,52.193,96,645,40,300,300,2800
Amaranthus_cruentus_L.,-1.021,53.447,96,602,40,300,300,2800
Amaranthus_cruentus_L.,0.11,51.792,100,614,40,300,300,2800
Amaranthus_cruentus_L.,-1.928,51.473,94,711,40,300,300,2800
Amaranthus_cruentus_L.,-3.656,51.462,101,1100,40,300,300,2800
Amaranthus_cruentus_L.,7.58,51.36,91,862,40,300,300,2800
Amaranthus_cruentus_L.,10.58,50.26,81,617,40,300,300,2800
Amaranthus_cruentus_L.,7.42,51.56,95,818,40,300,300,2800
Amaranthus_cruentus_L.,13.42,52.56,90,568,40,300,300,2800
Amaranthus_cruentus_L.,9.92,49.36,84,728,40,300,300,2800
Amaranthus_cruentus_L.,12.42,51.46,89,527,40,300,300,2800
Amaranthus_cruentus_L.,12.08,50.46,73,663,40,300,300,2800
Amaranthus_cruentus_L.,8.58,52.06,88,830,40,300,300,2800
Amaranthus_cruentus_L.,13.75,51.16,88,623,40,300,300,2800
Amaranthus_cruentus_L.,13.42,50.96,73,671,40,300,300,2800
Amaranthus_cruentus_L.,13.58,50.86,67,695,40,300,300,2800
Amaranthus_cruentus_L.,11.25,51.76,87,528,40,300,300,2800
Amaranthus_cruentus_L.,12.92,51.36,88,573,40,300,300,2800
Amaranthus_cruentus_L.,14.92,51.16,83,625,40,300,300,2800
Amaranthus_cruentus_L.,16.423,56.577,75,506,40,300,300,2800
Amaranthus_cruentus_L.,12.961,56.547,77,772,40,300,300,2800
Amaranthus_cruentus_L.,11.807,57.697,71,710,40,300,300,2800
Amaranthus_cruentus_L.,16.422,56.577,75,506,40,300,300,2800
Amaranthus_cruentus_L.,12.861,55.861,80,652,40,300,300,2800
Amaranthus_cruentus_L.,15.866,56.949,68,561,40,300,300,2800
Amaranthus_cruentus_L.,16.792,56.98,76,478,40,300,300,2800
Amaranthus_cruentus_L.,16.526,56.631,75,500,40,300,300,2800
Amaranthus_cruentus_L.,16.523,56.679,75,498,40,300,300,2800
Amaranthus_cruentus_L.,16.659,56.639,76,496,40,300,300,2800
Amaranthus_cruentus_L.,18.187,59.186,69,518,40,300,300,2800
Amaranthus_cruentus_L.,17.688,58.803,71,491,40,300,300,2800
Amaranthus_cruentus_L.,12.048,57.846,71,806,40,300,300,2800
Amaranthus_cruentus_L.,12.08,57.847,71,806,40,300,300,2800
Amaranthus_cruentus_L.,16.445,56.543,75,506,40,300,300,2800
Amaranthus_cruentus_L.,16.442,56.532,75,506,40,300,300,2800
Amaranthus_cruentus_L.,14.436,59.324,55,657,40,300,300,2800
Amaranthus_cruentus_L.,18.343,57.642,71,531,40,300,300,2800
Amaranthus_cruentus_L.,16.493,56.674,76,493,40,300,300,2800
Amaranthus_cruentus_L.,16.421,56.55,75,506,40,300,300,2800
Amaranthus_cruentus_L.,16.544,56.425,77,507,40,300,300,2800
Amaranthus_cruentus_L.,16.418,56.402,77,517,40,300,300,2800
Amaranthus_cruentus_L.,16.45,56.477,76,512,40,300,300,2800
Amaranthus_cruentus_L.,16.776,56.959,76,478,40,300,300,2800
Amaranthus_cruentus_L.,16.415,56.353,77,513,40,300,300,2800
Amaranthus_cruentus_L.,16.53,56.657,75,500,40,300,300,2800
Amaranthus_cruentus_L.,12.868,56.653,77,771,40,300,300,2800
Amaranthus_cruentus_L.,17.622,59.885,57,557,40,300,300,2800
Amaranthus_cruentus_L.,16.402,56.315,78,522,40,300,300,2800
Amaranthus_cruentus_L.,16.519,56.649,75,500,40,300,300,2800
Amaranthus_cruentus_L.,16.414,56.569,77,503,40,300,300,2800
Amaranthus_cruentus_L.,20.409,63.875,25,577,40,300,300,2800
Amaranthus_cruentus_L.,16.681,56.659,77,490,40,300,300,2800
Amaranthus_cruentus_L.,16.393,56.425,77,507,40,300,300,2800
Amaranthus_cruentus_L.,12.866,56.654,77,771,40,300,300,2800
Amaranthus_cruentus_L.,16.416,56.412,77,513,40,300,300,2800
Amaranthus_cruentus_L.,12.958,55.478,82,581,40,300,300,2800
Amaranthus_cruentus_L.,16.335,56.655,77,496,40,300,300,2800
Amaranthus_cruentus_L.,18.061,59.35,70,529,40,300,300,2800
Amaranthus_cruentus_L.,12.869,56.653,77,771,40,300,300,2800
Amaranthus_cruentus_L.,16.444,56.542,75,506,40,300,300,2800
Amaranthus_cruentus_L.,17.554,59.662,61,550,40,300,300,2800
Amaranthus_cruentus_L.,15.687,56.114,78,551,40,300,300,2800
Amaranthus_cruentus_L.,16.422,56.344,77,517,40,300,300,2800
Amaranthus_cruentus_L.,14.956,58.053,58,607,40,300,300,2800
Amaranthus_cruentus_L.,15.087,58.21,60,591,40,300,300,2800
Amaranthus_cruentus_L.,12.046,57.846,71,806,40,300,300,2800
Amaranthus_cruentus_L.,16.377,56.445,77,507,40,300,300,2800
Amaranthus_cruentus_L.,16.429,56.381,77,517,40,300,300,2800
Amaranthus_cruentus_L.,16.612,56.837,75,491,40,300,300,2800
Amaranthus_cruentus_L.,16.536,56.648,75,500,40,300,300,2800
Amaranthus_cruentus_L.,16.548,56.674,75,498,40,300,300,2800
Amaranthus_cruentus_L.,13.066,56.545,76,794,40,300,300,2800
Amaranthus_cruentus_L.,14.658,58.209,59,606,40,300,300,2800
Amaranthus_cruentus_L.,16.406,56.315,78,522,40,300,300,2800
Amaranthus_cruentus_L.,16.546,59.343,62,573,40,300,300,2800
Amaranthus_cruentus_L.,16.325,56.689,76,497,40,300,300,2800
Amaranthus_cruentus_L.,14.895,58.455,61,595,40,300,300,2800
Amaranthus_cruentus_L.,16.444,56.533,75,506,40,300,300,2800
Amaranthus_cruentus_L.,16.505,56.645,75,500,40,300,300,2800
Amaranthus_cruentus_L.,12.939,56.69,74,825,40,300,300,2800
Amaranthus_cruentus_L.,13.701,55.862,72,692,40,300,300,2800
Amaranthus_cruentus_L.,16.749,56.779,76,488,40,300,300,2800
Amaranthus_cruentus_L.,16.446,56.538,75,506,40,300,300,2800
Amaranthus_cruentus_L.,14.988,58.055,58,607,40,300,300,2800
Amaranthus_cruentus_L.,13.62,59.648,53,660,40,300,300,2800
Amaranthus_cruentus_L.,16.444,56.286,78,519,40,300,300,2800
Amaranthus_cruentus_L.,12.954,55.479,82,581,40,300,300,2800
Amaranthus_cruentus_L.,16.523,56.644,75,500,40,300,300,2800
Amaranthus_cruentus_L.,14.964,58.138,58,607,40,300,300,2800
Amaranthus_cruentus_L.,16.588,56.522,77,497,40,300,300,2800
Amaranthus_cruentus_L.,16.405,56.383,77,513,40,300,300,2800
Amaranthus_cruentus_L.,16.483,56.615,76,500,40,300,300,2800
Amaranthus_cruentus_L.,13.786,57.994,52,693,40,300,300,2800
Amaranthus_cruentus_L.,25.983,38.567,156,650,40,300,300,2800
Amaranthus_cruentus_L.,16.966,57.121,75,464,40,300,300,2800
Amaranthus_cruentus_L.,27.95,36.333,178,897,40,300,300,2800
Amaranthus_cruentus_L.,11.965,57.705,74,773,40,300,300,2800
Amaranthus_cruentus_L.,13.193,55.704,78,656,40,300,300,2800
Amaranthus_cruentus_L.,15.402,56.197,76,566,40,300,300,2800
Amaranthus_cruentus_L.,16.931,57.067,76,469,40,300,300,2800
Amaranthus_cruentus_L.,14.399,58.659,58,619,40,300,300,2800
Amaranthus_cruentus_L.,18.008,59.369,70,529,40,300,300,2800
Amaranthus_cruentus_L.,27.817,36.017,183,833,40,300,300,2800
Amaranthus_cruentus_L.,-6.944,52.394,97,989,40,300,300,2800
Amaranthus_cruentus_L.,-6.13,53.293,96,835,40,300,300,2800
Amaranthus_cruentus_L.,-7.114,52.261,99,993,40,300,300,2800
Amaranthus_cruentus_L.,-6.126,53.297,96,835,40,300,300,2800
Amaranthus_cruentus_L.,-77.097,38.886,128,1032,40,300,300,2800
Amaranthus_cruentus_L.,-111.65,40.26,70,609,40,300,300,2800
Amaranthus_cruentus_L.,71.438,38.187,48,454,40,300,300,2800
Amaranthus_cruentus_L.,39.667,67,-10,486,40,300,300,2800
Amaranthus_cruentus_L.,44.747,42.153,88,897,40,300,300,2800
Amaranthus_cruentus_L.,21.472,41.593,91,646,40,300,300,2800
Amaranthus_cruentus_L.,22.249,41.405,125,470,40,300,300,2800
Amaranthus_cruentus_L.,8.5,12,261,772,40,300,300,2800
Amaranthus_cruentus_L.,71.547,38.234,34,475,40,300,300,2800
Amaranthus_cruentus_L.,21.012,41.089,90,787,40,300,300,2800
Amaranthus_cruentus_L.,7.95,11.917,255,840,40,300,300,2800
Amaranthus_cruentus_L.,20.603,41.34,85,988,40,300,300,2800
Amaranthus_cruentus_L.,21.757,41.843,109,522,40,300,300,2800
Amaranthus_cruentus_L.,20.527,41.525,91,1001,40,300,300,2800
Amaranthus_cruentus_L.,21.826,42.227,109,534,40,300,300,2800
Amaranthus_cruentus_L.,21.78,41.958,109,522,40,300,300,2800
Amaranthus_cruentus_L.,37.153,36.199,170,349,40,300,300,2800
Amaranthus_cruentus_L.,21.666,41.701,109,550,40,300,300,2800
Amaranthus_cruentus_L.,20.676,41.178,113,869,40,300,300,2800
Amaranthus_cruentus_L.,21.436,41.911,102,606,40,300,300,2800
Amaranthus_cruentus_L.,21.578,42.204,89,634,40,300,300,2800
Amaranthus_cruentus_L.,22.746,41.263,122,479,40,300,300,2800
Amaranthus_cruentus_L.,20.717,42.2,116,861,40,300,300,2800
Amaranthus_cruentus_L.,-86.1,12.85,240,920,40,300,300,2800
Amaranthus_cruentus_L.,8.5,12.467,263,641,40,300,300,2800
Amaranthus_cruentus_L.,21.587,41.887,120,515,40,300,300,2800
Amaranthus_cruentus_L.,21.249,41.369,82,761,40,300,300,2800
Amaranthus_cruentus_L.,22.288,41.383,121,477,40,300,300,2800
Amaranthus_cruentus_L.,21.682,41.841,116,517,40,300,300,2800
Amaranthus_cruentus_L.,21.159,40.906,93,746,40,300,300,2800
Amaranthus_cruentus_L.,21.433,42,119,549,40,300,300,2800
Amaranthus_cruentus_L.,22.133,41.673,124,473,40,300,300,2800
Amaranthus_cruentus_L.,20.782,40.62,98,843,40,300,300,2800
Amaranthus_cruentus_L.,21.355,41.937,106,614,40,300,300,2800
Amaranthus_cruentus_L.,22.353,41.219,119,483,40,300,300,2800
Amaranthus_cruentus_L.,21.675,42.158,115,523,40,300,300,2800
Amaranthus_cruentus_L.,22.727,41.471,135,460,40,300,300,2800
Amaranthus_cruentus_L.,22.567,41.476,114,486,40,300,300,2800
Amaranthus_cruentus_L.,45.711,42,129,669,40,300,300,2800
Amaranthus_cruentus_L.,-97.737,38.808,129,741,40,300,300,2800
Amaranthus_cruentus_L.,23.612,60.662,44,603,40,300,300,2800
Amaranthus_cruentus_L.,24.52,61.353,36,619,40,300,300,2800
Amaranthus_cruentus_L.,24.329,60.97,39,618,40,300,300,2800
Amaranthus_cruentus_L.,24.328,60.972,39,618,40,300,300,2800
Amaranthus_cruentus_L.,24.317,61.118,40,602,40,300,300,2800
Amaranthus_cruentus_L.,31.5,30,209,26,40,300,300,2800
Amaranthus_cruentus_L.,29,25.5,233,0,40,300,300,2800
Amaranthus_cruentus_L.,67.85,29.65,271,141,40,300,300,2800
Amaranthus_cruentus_L.,31.5,26.5,217,1,40,300,300,2800
Amaranthus_cruentus_L.,30.5,25.5,237,0,40,300,300,2800
Amaranthus_cruentus_L.,67.75,30.183,190,276,40,300,300,2800
Amaranthus_cruentus_L.,33,26,242,0,40,300,300,2800
Amaranthus_cruentus_L.,32.5,25.5,246,0,40,300,300,2800
Amaranthus_cruentus_L.,71.233,40.983,131,289,40,300,300,2800
Amaranthus_cruentus_L.,72.767,40.767,131,341,40,300,300,2800
Amaranthus_cruentus_L.,31,30,204,25,40,300,300,2800
Amaranthus_cruentus_L.,31,29.5,214,8,40,300,300,2800
Amaranthus_cruentus_L.,23.05,42.167,109,518,40,300,300,2800
Amaranthus_cruentus_L.,31,31,199,61,40,300,300,2800
Amaranthus_cruentus_L.,71.717,40.483,142,206,40,300,300,2800
Amaranthus_cruentus_L.,31.5,31,204,53,40,300,300,2800
Amaranthus_cruentus_L.,31,30.5,207,30,40,300,300,2800
Amaranthus_cruentus_L.,31,27,226,0,40,300,300,2800
Amaranthus_cruentus_L.,44.233,40.233,115,313,40,300,300,2800
Amaranthus_cruentus_L.,67.833,29.667,257,174,40,300,300,2800
Amaranthus_cruentus_L.,30.5,28.5,207,3,40,300,300,2800
Amaranthus_cruentus_L.,31.5,30.5,208,27,40,300,300,2800
Amaranthus_cruentus_L.,31,27.5,213,2,40,300,300,2800
Amaranthus_cruentus_L.,66.75,29.1,132,180,40,300,300,2800
Amaranthus_cruentus_L.,48.3,42.05,123,372,40,300,300,2800
Amaranthus_cruentus_L.,23.283,42.3,79,595,40,300,300,2800
Amaranthus_cruentus_L.,32.5,26,236,1,40,300,300,2800
Amaranthus_cruentus_L.,23.433,41.45,132,499,40,300,300,2800
Amaranthus_cruentus_L.,71.683,41,141,239,40,300,300,2800
Amaranthus_cruentus_L.,42.663,42.616,64,1118,40,300,300,2800
Amaranthus_cruentus_L.,28,36.166,180,878,40,300,300,2800
Amaranthus_cruentus_L.,22.992,42.286,104,526,40,300,300,2800
Amaranthus_cruentus_L.,27.577,42.625,126,572,40,300,300,2800
Amaranthus_cruentus_L.,19.619,41.347,151,1180,40,300,300,2800
Amaranthus_cruentus_L.,21.631,49.427,61,784,40,300,300,2800
Amaranthus_cruentus_L.,20.531,42.141,85,998,40,300,300,2800
Amaranthus_cruentus_L.,19.741,41.443,153,1229,40,300,300,2800
Amaranthus_cruentus_L.,20.25,40.533,109,1110,40,300,300,2800
Amaranthus_cruentus_L.,16.54,38.692,172,869,40,300,300,2800
Amaranthus_cruentus_L.,15.516,38.2,172,806,40,300,300,2800
Amaranthus_cruentus_L.,24.933,42.131,122,542,40,300,300,2800
Amaranthus_cruentus_L.,-8.117,42.515,119,1363,40,300,300,2800
Amaranthus_cruentus_L.,0.134,38.689,177,569,40,300,300,2800
Amaranthus_cruentus_L.,18.163,48.85,78,755,40,300,300,2800
Amaranthus_cruentus_L.,45.327,41.726,114,683,40,300,300,2800
Amaranthus_cruentus_L.,12.05,36.8,172,350,40,300,300,2800
Amaranthus_cruentus_L.,25.686,42.047,126,566,40,300,300,2800
Amaranthus_cruentus_L.,-8.372,42.102,133,1389,40,300,300,2800
Amaranthus_cruentus_L.,9,40.583,144,754,40,300,300,2800
Amaranthus_cruentus_L.,19.866,40.4,141,1193,40,300,300,2800
Amaranthus_cruentus_L.,44.814,41.954,107,703,40,300,300,2800
Amaranthus_cruentus_L.,14.966,38.4,171,651,40,300,300,2800
Amaranthus_cruentus_L.,21,40.6,101,785,40,300,300,2800
Amaranthus_cruentus_L.,27.831,42.989,123,556,40,300,300,2800
Amaranthus_cruentus_L.,43.053,42.11,126,1174,40,300,300,2800
Amaranthus_cruentus_L.,12.346,37.914,178,451,40,300,300,2800
Amaranthus_cruentus_L.,21.01,40.602,87,802,40,300,300,2800
Amaranthus_cruentus_L.,12.316,37.933,176,445,40,300,300,2800
Amaranthus_cruentus_L.,43.851,42.206,82,815,40,300,300,2800
Amaranthus_cruentus_L.,-7.366,43.496,128,989,40,300,300,2800
Amaranthus_cruentus_L.,20.716,40.9,107,863,40,300,300,2800
Amaranthus_cruentus_L.,9.133,39.533,156,495,40,300,300,2800
Amaranthus_cruentus_L.,45.718,42.004,102,794,40,300,300,2800
Amaranthus_cruentus_L.,16.566,40.283,160,580,40,300,300,2800
Amaranthus_cruentus_L.,42.649,42.629,64,1118,40,300,300,2800
Amaranthus_cruentus_L.,10.9,42.366,151,510,40,300,300,2800
Amaranthus_cruentus_L.,-7.634,43.496,108,1199,40,300,300,2800
Amaranthus_cruentus_L.,45.386,41.492,121,587,40,300,300,2800
Amaranthus_cruentus_L.,19.817,41.317,147,1188,40,300,300,2800
Amaranthus_cruentus_L.,23.104,41.889,121,496,40,300,300,2800
Amaranthus_cruentus_L.,19.819,41.328,147,1188,40,300,300,2800
Amaranthus_cruentus_L.,14.816,38.55,166,639,40,300,300,2800
Amaranthus_cruentus_L.,-105.084,40.559,88,377,40,300,300,2800
Amaranthus_cruentus_L.,-84.033,10.011,180,2682,40,300,300,2800
Amaranthus_cruentus_L.,-84.142,9.917,211,1958,40,300,300,2800
Amaranthus_cruentus_L.,24.085,61.502,35,592,40,300,300,2800
Amaranthus_cruentus_L.,22.984,61.294,36,622,40,300,300,2800
Amaranthus_cruentus_L.,25.926,62.605,27,624,40,300,300,2800
Amaranthus_spp.,-77.353,4.956,259,6711,100,350,750,6000
Amaranthus_spp.,-69.95,-4.121,259,2885,100,350,750,6000
Amaranthus_spp.,-75.9,5.398,179,2535,100,350,750,6000
Amaranthus_spp.,-75.569,4.738,145,2294,100,350,750,6000
Amaranthus_spp.,-74.417,4.867,177,1689,100,350,750,6000
Amaranthus_spp.,-74.699,3.813,203,1958,100,350,750,6000
Amaranthus_spp.,-85.35,10.8,212,2683,100,350,750,6000
Amaranthus_spp.,-84.22,9.77,223,2421,100,350,750,6000
Amaranthus_spp.,-84.458,10.089,209,2526,100,350,750,6000
Amaranthus_spp.,-83.972,10.4,260,4070,100,350,750,6000
Amaranthus_spp.,-84.189,9.919,225,1932,100,350,750,6000
Amaranthus_spp.,-83.201,8.671,257,4023,100,350,750,6000
Ammandra_natalia,117.56,-35.05,156,967,80,360,500,1500
Ammandra_natalia,117.33,-34.96,153,1011,80,360,500,1500
Ammandra_natalia,115.167,-34.317,168,1034,80,360,500,1500
Ammandra_natalia,116.767,-34.833,151,1031,80,360,500,1500
Ammandra_natalia,116.95,-34.98,157,1097,80,360,500,1500
Ammandra_natalia,116.017,-34.467,148,1139,80,360,500,1500
Ammandra_natalia,117.93,-34.68,150,705,80,360,500,1500
Ammandra_natalia,117.933,-34.683,150,705,80,360,500,1500
Ammandra_natalia,117.867,-34.667,148,714,80,360,500,1500
Ammandra_natalia,117.35,-34.85,155,938,80,360,500,1500
Ammandra_natalia,115.1,-34.2,166,1050,80,360,500,1500
Ammandra_natalia,116.083,-34.417,148,1139,80,360,500,1500
Ammandra_natalia,117.854,-35.056,159,881,80,360,500,1500
Ammandra_natalia,117.967,-35.05,160,856,80,360,500,1500
Ammandra_natalia,115.017,-34.067,165,1069,80,360,500,1500
Ammandra_natalia,115.18,-34.16,166,1032,80,360,500,1500
Ammandra_natalia,116.1,-34.083,146,880,80,360,500,1500
Ammandra_natalia,116.15,-34.25,147,1010,80,360,500,1500
Ammandra_natalia,115.86,-34.41,148,1115,80,360,500,1500
Ammandra_natalia,116.033,-34.45,148,1139,80,360,500,1500
Ammophila_arenaria_(L.)Link,150.858,-32.33,173,649,150,340,1300,4000
Ammophila_arenaria_(L.)Link,32.375,-28.625,217,1182,150,340,1300,4000
Ammophila_arenaria_(L.)Link,31.625,-27.875,191,842,150,340,1300,4000
Ammophila_arenaria_(L.)Link,32.875,-27.125,224,920,150,340,1300,4000
Ammophila_arenaria_(L.)Link,30.875,-29.875,201,964,150,340,1300,4000
Ammophila_arenaria_(L.)Link,23.625,-19.875,223,453,150,340,1300,4000
Ammophila_arenaria_(L.)Link,23.375,-19.875,224,459,150,340,1300,4000
Ammophila_arenaria_(L.)Link,32.375,-27.625,221,776,150,340,1300,4000
Ammophila_arenaria_(L.)Link,23.375,-19.125,222,477,150,340,1300,4000
Ammophila_arenaria_(L.)Link,23.375,-19.625,223,462,150,340,1300,4000
Ammophila_arenaria_(L.)Link,21.875,-18.375,221,526,150,340,1300,4000
Ammophila_arenaria_(L.)Link,23.125,-19.125,222,471,150,340,1300,4000
Ammophila_arenaria_(L.)Link,132.51,-12.65,279,1437,150,340,1300,4000
Ammophila_arenaria_(L.)Link,134.989,-12.289,270,1184,150,340,1300,4000
Ammophila_arenaria_(L.)Link,131.157,-12.583,272,1487,150,340,1300,4000
Ammophila_arenaria_(L.)Link,148.55,-20.11,235,1204,150,340,1300,4000
Ammophila_arenaria_(L.)Link,144.16,-14.55,262,1182,150,340,1300,4000
Ammophila_arenaria_(L.)Link,130.96,-12.45,274,1613,150,340,1300,4000
Ammophila_arenaria_(L.)Link,145.13,-15,256,1628,150,340,1300,4000
Ammophila_arenaria_(L.)Link,132.58,-12.65,279,1437,150,340,1300,4000
Ammophila_arenaria_(L.)Link,131.3,-12.14,274,1490,150,340,1300,4000
Ammophila_arenaria_(L.)Link,136.76,-12.2,268,1454,150,340,1300,4000
Ammophila_arenaria_(L.)Link,132.53,-12.85,279,1417,150,340,1300,4000
Ammophila_arenaria_(L.)Link,136.682,-13.76,270,1190,150,340,1300,4000
Ammophila_arenaria_(L.)Link,132.38,-12.4,278,1417,150,340,1300,4000
Ammophila_arenaria_(L.)Link,141.56,-15.33,269,1247,150,340,1300,4000
Ammophila_arenaria_(L.)Link,135.7,-11.95,270,1400,150,340,1300,4000
Ammophila_arenaria_(L.)Link,143.93,-14.78,262,1107,150,340,1300,4000
Ammophila_arenaria_(L.)Link,128.085,-15.629,289,746,150,340,1300,4000
Ammophila_arenaria_(L.)Link,135.18,-15.91,268,769,150,340,1300,4000
Ammophila_arenaria_(L.)Link,136.48,-15.88,272,929,150,340,1300,4000
Ammophila_arenaria_(L.)Link,133.067,-12.3,279,1445,150,340,1300,4000
Ammophila_arenaria_(L.)Link,134.26,-12.16,268,1239,150,340,1300,4000
Ammophila_arenaria_(L.)Link,130.66,-12.46,274,1636,150,340,1300,4000
Ammophila_arenaria_(L.)Link,142.45,-10.967,265,1761,150,340,1300,4000
Ammophila_arenaria_(L.)Link,132.883,-12.667,279,1464,150,340,1300,4000
Ammophila_arenaria_(L.)Link,128.45,-14.83,288,895,150,340,1300,4000
Ammophila_arenaria_(L.)Link,134.401,-12.099,269,1226,150,340,1300,4000
Ammophila_arenaria_(L.)Link,132.53,-12.88,279,1417,150,340,1300,4000
Ammophila_arenaria_(L.)Link,131.233,-12.6,272,1422,150,340,1300,4000
Ammophila_arenaria_(L.)Link,152.017,-24.55,219,1116,150,340,1300,4000
Ammophila_arenaria_(L.)Link,132.53,-12.65,279,1437,150,340,1300,4000
Ammophila_arenaria_(L.)Link,132.41,-12.56,278,1422,150,340,1300,4000
Ammophila_arenaria_(L.)Link,131.317,-12.55,273,1395,150,340,1300,4000
Ammophila_arenaria_(L.)Link,132.53,-12.26,278,1428,150,340,1300,4000
Ammophila_arenaria_(L.)Link,145.133,-16.517,235,1651,150,340,1300,4000
Ammophila_arenaria_(L.)Link,131.23,-12.36,273,1481,150,340,1300,4000
Ammophila_arenaria_(L.)Link,131.1,-13.233,272,1322,150,340,1300,4000
Ammophila_arenaria_(L.)Link,144.16,-14.56,262,1182,150,340,1300,4000
Ammophila_arenaria_(L.)Link,130.48,-13.61,276,1293,150,340,1300,4000
Ammophila_arenaria_(L.)Link,126.6,-14.2,275,1095,150,340,1300,4000
Ammophila_arenaria_(L.)Link,132.711,-12.102,278,1419,150,340,1300,4000
Ammophila_arenaria_(L.)Link,132.951,-12.382,279,1461,150,340,1300,4000
Ammophila_arenaria_(L.)Link,135.918,-12.499,271,1321,150,340,1300,4000
Ammophila_arenaria_(L.)Link,134.945,-12.175,270,1179,150,340,1300,4000
Ammophila_arenaria_(L.)Link,131.663,-12.341,275,1389,150,340,1300,4000
Ammophila_arenaria_(L.)Link,131.709,-12.47,275,1379,150,340,1300,4000
Ammophila_arenaria_(L.)Link,132.136,-12.323,276,1398,150,340,1300,4000
Ammophila_arenaria_(L.)Link,130.588,-13.165,274,1405,150,340,1300,4000
Ammophila_arenaria_(L.)Link,132.798,-11.739,276,1341,150,340,1300,4000
Ammophila_arenaria_(L.)Link,136.296,-12.439,270,1349,150,340,1300,4000
Ammophila_arenaria_(L.)Link,130.388,-13.274,275,1367,150,340,1300,4000
Ammophila_arenaria_(L.)Link,132.747,-12.274,278,1445,150,340,1300,4000
Ammophila_arenaria_(L.)Link,131.538,-12.32,274,1406,150,340,1300,4000
Ammophila_arenaria_(L.)Link,131.659,-12.449,275,1379,150,340,1300,4000
Ammophila_arenaria_(L.)Link,132.919,-11.7,276,1324,150,340,1300,4000
Ammophila_arenaria_(L.)Link,132.668,-11.832,277,1359,150,340,1300,4000
Ammophila_arenaria_(L.)Link,137.768,-16.349,268,1005,150,340,1300,4000
Ammophila_arenaria_(L.)Link,131.243,-12.349,273,1481,150,340,1300,4000
Ammophila_arenaria_(L.)Link,134.989,-12.44,271,1183,150,340,1300,4000
Ammophila_arenaria_(L.)Link,130.261,-13.248,275,1392,150,340,1300,4000
Ammophila_arenaria_(L.)Link,132.564,-12.674,279,1432,150,340,1300,4000
Ammophila_arenaria_(L.)Link,130.412,-13.023,275,1441,150,340,1300,4000
Ammophila_arenaria_(L.)Link,132.167,-12.422,277,1409,150,340,1300,4000
Ammophila_arenaria_(L.)Link,131.632,-12.312,275,1398,150,340,1300,4000
Ammophila_arenaria_(L.)Link,132.512,-12.872,279,1417,150,340,1300,4000
Ammophila_arenaria_(L.)Link,132.944,-12.395,279,1461,150,340,1300,4000
Ammophila_arenaria_(L.)Link,129.872,-14.361,280,1088,150,340,1300,4000
Ammophila_arenaria_(L.)Link,131.082,-12.941,271,1389,150,340,1300,4000
Ammophila_arenaria_(L.)Link,131.687,-12.449,275,1379,150,340,1300,4000
Ammophila_arenaria_(L.)Link,132.566,-12.577,278,1440,150,340,1300,4000
Ammophila_arenaria_(L.)Link,129.74,-14.022,279,1158,150,340,1300,4000
Ammophila_arenaria_(L.)Link,134.98,-12.207,270,1179,150,340,1300,4000
Ammophila_arenaria_(L.)Link,131.301,-12.132,274,1490,150,340,1300,4000
Ammophila_arenaria_(L.)Link,132.886,-12.081,277,1399,150,340,1300,4000
Ammophila_arenaria_(L.)Link,131.992,-12.377,276,1388,150,340,1300,4000
Ammophila_arenaria_(L.)Link,130.204,-13.2,276,1391,150,340,1300,4000
Ammophila_arenaria_(L.)Link,134.613,-12.12,270,1191,150,340,1300,4000
Ammophila_arenaria_(L.)Link,134.263,-12.273,271,1217,150,340,1300,4000
Ammophila_arenaria_(L.)Link,130.408,-13.29,275,1367,150,340,1300,4000
Ammophila_arenaria_(L.)Link,135.341,-15.304,274,858,150,340,1300,4000
Ammophila_arenaria_(L.)Link,132.212,-12.519,277,1405,150,340,1300,4000
Ammophila_arenaria_(L.)Link,130.668,-12.465,274,1650,150,340,1300,4000
Ammophila_arenaria_(L.)Link,134.947,-12.168,270,1179,150,340,1300,4000
Ammophila_arenaria_(L.)Link,134.837,-12.257,270,1178,150,340,1300,4000
Ammophila_arenaria_(L.)Link,131.709,-12.499,275,1379,150,340,1300,4000
Ammophila_arenaria_(L.)Link,132.54,-12.15,277,1411,150,340,1300,4000
Ammophila_arenaria_(L.)Link,134.424,-12.097,270,1212,150,340,1300,4000
Ammophila_arenaria_(L.)Link,130.292,-13.224,275,1392,150,340,1300,4000
Ammophila_arenaria_(L.)Link,134.99,-12.433,271,1183,150,340,1300,4000
Ammophila_arenaria_(L.)Link,129.953,-14.664,279,1042,150,340,1300,4000
Ammophila_arenaria_(L.)Link,132.884,-12.069,277,1399,150,340,1300,4000
Ammophila_arenaria_(L.)Link,132.327,-12.342,277,1410,150,340,1300,4000
Ammophila_arenaria_(L.)Link,132.501,-12.849,279,1417,150,340,1300,4000
Ammophila_arenaria_(L.)Link,132.189,-12.37,277,1402,150,340,1300,4000
Ammophila_arenaria_(L.)Link,132.706,-12.102,278,1419,150,340,1300,4000
Ammophila_arenaria_(L.)Link,134.974,-12.22,270,1179,150,340,1300,4000
Ammophila_arenaria_(L.)Link,132.847,-12.17,278,1442,150,340,1300,4000
Ammophila_arenaria_(L.)Link,131.938,-12.399,276,1388,150,340,1300,4000
Ammophila_arenaria_(L.)Link,130.26,-13.152,275,1416,150,340,1300,4000
Ammophila_arenaria_(L.)Link,130.564,-13.699,275,1277,150,340,1300,4000
Ammophila_arenaria_(L.)Link,134.952,-12.189,270,1179,150,340,1300,4000
Ammophila_arenaria_(L.)Link,130.363,-12.874,275,1490,150,340,1300,4000
Ammophila_arenaria_(L.)Link,132.865,-12.02,277,1399,150,340,1300,4000
Ammophila_arenaria_(L.)Link,132.763,-12.174,279,1437,150,340,1300,4000
Ammophila_arenaria_(L.)Link,129.918,-13.994,278,1198,150,340,1300,4000
Ammophila_arenaria_(L.)Link,134.964,-12.475,271,1183,150,340,1300,4000
Ammophila_arenaria_(L.)Link,132.418,-12.582,278,1430,150,340,1300,4000
Ammophila_arenaria_(L.)Link,137.734,-16.265,268,1016,150,340,1300,4000
Ammophila_arenaria_(L.)Link,131.269,-12.399,274,1443,150,340,1300,4000
Ammophila_arenaria_(L.)Link,134.239,-12.224,271,1232,150,340,1300,4000
Ammophila_arenaria_(L.)Link,132.843,-11.724,276,1334,150,340,1300,4000
Ammophila_arenaria_(L.)Link,130.391,-14.087,275,1183,150,340,1300,4000
Ammophila_arenaria_(L.)Link,135.957,-13.144,272,1190,150,340,1300,4000
Ammophila_arenaria_(L.)Link,129.788,-13.999,279,1185,150,340,1300,4000
Ammophila_arenaria_(L.)Link,132.59,-12.698,279,1440,150,340,1300,4000
Ammophila_arenaria_(L.)Link,132.749,-12.283,278,1445,150,340,1300,4000
Ammophila_arenaria_(L.)Link,129.789,-14.049,279,1160,150,340,1300,4000
Ammophila_arenaria_(L.)Link,132.821,-12.153,277,1422,150,340,1300,4000
Ammophila_arenaria_(L.)Link,129.789,-13.973,279,1185,150,340,1300,4000
Ammophila_arenaria_(L.)Link,132.419,-12.875,278,1410,150,340,1300,4000
Ammophila_arenaria_(L.)Link,132.663,-12.724,279,1440,150,340,1300,4000
Ammophila_arenaria_(L.)Link,132.813,-11.724,276,1341,150,340,1300,4000
Ammophila_arenaria_(L.)Link,130.929,-11.394,271,1664,150,340,1300,4000
Ammophila_arenaria_(L.)Link,131.245,-12.606,272,1422,150,340,1300,4000
Ammophila_arenaria_(L.)Link,131.08,-12.872,272,1414,150,340,1300,4000
Ammophila_arenaria_(L.)Link,130.369,-12.828,275,1520,150,340,1300,4000
Ammophila_arenaria_(L.)Link,132.017,-12.392,276,1394,150,340,1300,4000
Ammophila_arenaria_(L.)Link,129.933,-15.925,281,786,150,340,1300,4000
Ammophila_arenaria_(L.)Link,132.409,-12.452,278,1421,150,340,1300,4000
Ammophila_arenaria_(L.)Link,131.971,-12.302,276,1389,150,340,1300,4000
Ammophila_arenaria_(L.)Link,133.727,-11.976,273,1265,150,340,1300,4000
Ammophila_arenaria_(L.)Link,132.09,-11.241,274,1337,150,340,1300,4000
Ammophila_arenaria_(L.)Link,131.693,-12.406,275,1386,150,340,1300,4000
Ammophila_arenaria_(L.)Link,130.338,-12.899,275,1490,150,340,1300,4000
Ammophila_arenaria_(L.)Link,129.889,-14.224,279,1128,150,340,1300,4000
Ammophila_arenaria_(L.)Link,130.235,-12.999,275,1462,150,340,1300,4000
Ammophila_arenaria_(L.)Link,130.465,-13.048,275,1436,150,340,1300,4000
Ammophila_arenaria_(L.)Link,132.932,-11.67,276,1324,150,340,1300,4000
Ammophila_arenaria_(L.)Link,132.904,-12.662,280,1466,150,340,1300,4000
Ammophila_arenaria_(L.)Link,131.098,-12.336,273,1519,150,340,1300,4000
Ammophila_arenaria_(L.)Link,130.251,-13.465,276,1329,150,340,1300,4000
Ammophila_arenaria_(L.)Link,136.398,-12.344,269,1377,150,340,1300,4000
Ammophila_arenaria_(L.)Link,131.7,-12.454,275,1379,150,340,1300,4000
Ammophila_arenaria_(L.)Link,132.738,-11.83,277,1359,150,340,1300,4000
Ammophila_arenaria_(L.)Link,130.918,-12.399,274,1602,150,340,1300,4000
Ammophila_arenaria_(L.)Link,132.395,-12.566,278,1422,150,340,1300,4000
Ammophila_arenaria_(L.)Link,130.291,-12.949,275,1461,150,340,1300,4000
Ammophila_arenaria_(L.)Link,131.304,-12.563,273,1395,150,340,1300,4000
Ammophila_arenaria_(L.)Link,132.485,-12.425,278,1429,150,340,1300,4000
Ammophila_arenaria_(L.)Link,130.459,-12.92,275,1460,150,340,1300,4000
Ammophila_arenaria_(L.)Link,131.758,-12.482,275,1381,150,340,1300,4000
Ammophila_arenaria_(L.)Link,132.862,-12.42,279,1465,150,340,1300,4000
Ammophila_arenaria_(L.)Link,131.601,-12.315,275,1398,150,340,1300,4000
Ammophila_arenaria_(L.)Link,130.414,-13.224,275,1389,150,340,1300,4000
Ammophila_arenaria_(L.)Link,132.491,-12.245,278,1415,150,340,1300,4000
Ammophila_arenaria_(L.)Link,136.421,-13.973,271,1229,150,340,1300,4000
Ammophila_arenaria_(L.)Link,131.351,-12.399,274,1421,150,340,1300,4000
Ammophila_arenaria_(L.)Link,132.872,-12.625,280,1466,150,340,1300,4000
Ammophila_arenaria_(L.)Link,135.701,-11.949,270,1400,150,340,1300,4000
Ammophila_arenaria_(L.)Link,130.239,-13.157,275,1420,150,340,1300,4000
Ammophila_arenaria_(L.)Link,132.884,-11.852,276,1363,150,340,1300,4000
Ammophila_arenaria_(L.)Link,129.916,-14.248,279,1128,150,340,1300,4000
Ammophila_arenaria_(L.)Link,130.413,-13.198,275,1389,150,340,1300,4000
Ammophila_arenaria_(L.)Link,132.551,-12.849,279,1417,150,340,1300,4000
Ammophila_arenaria_(L.)Link,129.965,-14.173,279,1132,150,340,1300,4000
Ammophila_arenaria_(L.)Link,130.932,-12.395,274,1602,150,340,1300,4000
Ammophila_arenaria_(L.)Link,131.695,-12.43,275,1379,150,340,1300,4000
Ammophila_arenaria_(L.)Link,132.129,-12.302,276,1398,150,340,1300,4000
Ammophila_arenaria_(L.)Link,130.853,-12.421,274,1667,150,340,1300,4000
Ammophila_arenaria_(L.)Link,130.918,-12.382,274,1602,150,340,1300,4000
Ammophila_arenaria_(L.)Link,132.89,-12.654,280,1466,150,340,1300,4000
Ammophila_arenaria_(L.)Link,129.858,-13.75,278,1230,150,340,1300,4000
Ammophila_arenaria_(L.)Link,132.537,-12.847,279,1417,150,340,1300,4000
Ammophila_arenaria_(L.)Link,130.185,-12.949,275,1462,150,340,1300,4000
Ammophila_arenaria_(L.)Link,132.764,-12.073,278,1401,150,340,1300,4000
Ammophila_arenaria_(L.)Link,130.24,-13.155,275,1420,150,340,1300,4000
Ammophila_arenaria_(L.)Link,130.464,-13.724,276,1275,150,340,1300,4000
Ammophila_arenaria_(L.)Link,134.538,-12.217,271,1195,150,340,1300,4000
Ammophila_arenaria_(L.)Link,136.442,-14.077,271,1275,150,340,1300,4000
Ammophila_arenaria_(L.)Link,131.301,-12.632,273,1380,150,340,1300,4000
Ammophila_arenaria_(L.)Link,134.215,-12.273,272,1227,150,340,1300,4000
Ammophila_arenaria_(L.)Link,132.173,-12.336,277,1402,150,340,1300,4000
Ammophila_arenaria_(L.)Link,132.859,-12.299,279,1457,150,340,1300,4000
Ammophila_arenaria_(L.)Link,136.149,-13.068,270,1217,150,340,1300,4000
Ammophila_arenaria_(L.)Link,134.662,-12.245,270,1187,150,340,1300,4000
Ammophila_arenaria_(L.)Link,137.751,-16.282,268,1019,150,340,1300,4000
Ammophila_arenaria_(L.)Link,130.462,-12.898,275,1490,150,340,1300,4000
Ammophila_arenaria_(L.)Link,131.546,-12.3,274,1406,150,340,1300,4000
Ammophila_arenaria_(L.)Link,134.663,-12.074,270,1197,150,340,1300,4000
Ammophila_arenaria_(L.)Link,132.865,-11.699,276,1334,150,340,1300,4000
Ammophila_arenaria_(L.)Link,132.715,-12.299,278,1445,150,340,1300,4000
Ammophila_arenaria_(L.)Link,132.518,-12.899,279,1417,150,340,1300,4000
Ammophila_arenaria_(L.)Link,131.654,-12.355,275,1389,150,340,1300,4000
Ammophila_arenaria_(L.)Link,132.835,-12.349,279,1465,150,340,1300,4000
Ammophila_arenaria_(L.)Link,134.402,-12.097,269,1226,150,340,1300,4000
Ammophila_arenaria_(L.)Link,134.668,-12.019,270,1192,150,340,1300,4000
Ammophila_arenaria_(L.)Link,133.026,-16.159,265,719,150,340,1300,4000
Ammophila_arenaria_(L.)Link,131.878,-12.422,275,1386,150,340,1300,4000
Ammophila_arenaria_(L.)Link,132.919,-11.782,276,1336,150,340,1300,4000
Ammophila_arenaria_(L.)Link,131.947,-12.352,276,1388,150,340,1300,4000
Ammophila_arenaria_(L.)Link,130.467,-13.198,275,1386,150,340,1300,4000
Ammophila_arenaria_(L.)Link,132.717,-11.827,277,1359,150,340,1300,4000
Ammophila_arenaria_(L.)Link,131.441,-12.297,274,1420,150,340,1300,4000
Ammophila_arenaria_(L.)Link,132.614,-12.729,279,1440,150,340,1300,4000
Ammophila_arenaria_(L.)Link,131.739,-12.546,275,1370,150,340,1300,4000
Ammophila_arenaria_(L.)Link,134.239,-12.247,271,1232,150,340,1300,4000
Ammophila_arenaria_(L.)Link,132.719,-12.017,278,1403,150,340,1300,4000
Ammophila_arenaria_(L.)Link,135.024,-12.486,271,1191,150,340,1300,4000
Ammophila_arenaria_(L.)Link,130.288,-13.128,275,1416,150,340,1300,4000
Ammophila_arenaria_(L.)Link,130.388,-13.174,275,1389,150,340,1300,4000
Ammophila_arenaria_(L.)Link,132.542,-12.65,279,1437,150,340,1300,4000
Ammophila_arenaria_(L.)Link,132.759,-12.302,279,1451,150,340,1300,4000
Ammophila_arenaria_(L.)Link,134.98,-12.204,270,1179,150,340,1300,4000
Ammophila_arenaria_(L.)Link,132.59,-12.674,279,1440,150,340,1300,4000
Ammophila_arenaria_(L.)Link,130.192,-13.149,275,1420,150,340,1300,4000
Ammophila_arenaria_(L.)Link,134.503,-12.072,270,1203,150,340,1300,4000
Ammophila_arenaria_(L.)Link,131.318,-17.715,265,579,150,340,1300,4000
Ammophila_arenaria_(L.)Link,132.358,-12.52,278,1422,150,340,1300,4000
Ammophila_arenaria_(L.)Link,134.638,-12.098,270,1191,150,340,1300,4000
Ammophila_arenaria_(L.)Link,131.165,-11.283,272,1584,150,340,1300,4000
Ammophila_arenaria_(L.)Link,132.141,-11.126,274,1344,150,340,1300,4000
Ammophila_arenaria_(L.)Link,132.067,-12.497,275,1400,150,340,1300,4000
Ammophila_arenaria_(L.)Link,132.453,-12.914,278,1410,150,340,1300,4000
Ammophila_arenaria_(L.)Link,131.623,-12.321,275,1398,150,340,1300,4000
Ammophila_arenaria_(L.)Link,129.796,-16.121,282,753,150,340,1300,4000
Ammophila_arenaria_(L.)Link,132.564,-12.699,279,1432,150,340,1300,4000
Ammophila_arenaria_(L.)Link,132.501,-12.482,278,1444,150,340,1300,4000
Ammophila_arenaria_(L.)Link,133.051,-12.332,279,1445,150,340,1300,4000
Ammophila_arenaria_(L.)Link,135.955,-13.147,272,1190,150,340,1300,4000
Ammophila_arenaria_(L.)Link,130.336,-13.152,275,1417,150,340,1300,4000
Ammophila_arenaria_(L.)Link,134.946,-12.171,270,1179,150,340,1300,4000
Ammophila_arenaria_(L.)Link,132.203,-12.369,277,1402,150,340,1300,4000
Ammophila_arenaria_(L.)Link,135.001,-12.499,271,1191,150,340,1300,4000
Ammophila_arenaria_(L.)Link,131.493,-12.347,274,1406,150,340,1300,4000
Ammophila_arenaria_(L.)Link,136.825,-12.427,269,1390,150,340,1300,4000
Ammophila_arenaria_(L.)Link,130.215,-13.174,276,1391,150,340,1300,4000
Ammophila_arenaria_(L.)Link,134.964,-12.186,270,1179,150,340,1300,4000
Ammophila_arenaria_(L.)Link,132.538,-12.574,278,1440,150,340,1300,4000
Ammophila_arenaria_(L.)Link,130.336,-12.919,275,1464,150,340,1300,4000
Ammophila_arenaria_(L.)Link,129.797,-16.121,282,753,150,340,1300,4000
Ammophila_arenaria_(L.)Link,135.901,-13.224,272,1170,150,340,1300,4000
Ammophila_arenaria_(L.)Link,132.492,-12.347,278,1426,150,340,1300,4000
Ammophila_arenaria_(L.)Link,132.955,-12.432,278,1466,150,340,1300,4000
Ammophila_arenaria_(L.)Link,131.237,-12.501,273,1439,150,340,1300,4000
Ammophila_arenaria_(L.)Link,132.867,-11.77,277,1344,150,340,1300,4000
Ammophila_arenaria_(L.)Link,130.261,-13.002,275,1440,150,340,1300,4000
Ammophila_arenaria_(L.)Link,132.342,-12.322,276,1419,150,340,1300,4000
Ammophila_arenaria_(L.)Link,130.938,-12.461,274,1613,150,340,1300,4000
Ammophila_arenaria_(L.)Link,136.267,-12.575,270,1333,150,340,1300,4000
Ammophila_arenaria_(L.)Link,130.192,-13.174,276,1391,150,340,1300,4000
Ammophila_arenaria_(L.)Link,132.816,-11.749,276,1341,150,340,1300,4000
Ammophila_arenaria_(L.)Link,130.485,-13.632,276,1293,150,340,1300,4000
Ammophila_arenaria_(L.)Link,132.49,-12.724,278,1430,150,340,1300,4000
Ammophila_arenaria_(L.)Link,129.967,-14.677,282,1013,150,340,1300,4000
Ammophila_arenaria_(L.)Link,131.296,-12.795,274,1363,150,340,1300,4000
Ammophila_arenaria_(L.)Link,134.94,-12.486,271,1183,150,340,1300,4000
Ammophila_arenaria_(L.)Link,133.469,-14.846,273,818,150,340,1300,4000
Ammophila_arenaria_(L.)Link,131.365,-12.681,274,1358,150,340,1300,4000
Ammophila_arenaria_(L.)Link,130.518,-12.882,274,1484,150,340,1300,4000
Ammophila_arenaria_(L.)Link,132.387,-12.951,278,1397,150,340,1300,4000
Ammophila_arenaria_(L.)Link,131.702,-12.452,275,1379,150,340,1300,4000
Ammophila_arenaria_(L.)Link,135.618,-11.965,271,1393,150,340,1300,4000
Ammophila_arenaria_(L.)Link,130.29,-12.999,275,1461,150,340,1300,4000
Ammophila_arenaria_(L.)Link,131.703,-12.637,275,1364,150,340,1300,4000
Ammophila_arenaria_(L.)Link,134.965,-12.312,270,1184,150,340,1300,4000
Ammophila_arenaria_(L.)Link,136.485,-15.882,272,929,150,340,1300,4000
Ammophila_arenaria_(L.)Link,132.296,-12.297,277,1407,150,340,1300,4000
Ammophila_arenaria_(L.)Link,136.768,-12.165,269,1473,150,340,1300,4000
Ammophila_arenaria_(L.)Link,133.073,-12.332,279,1445,150,340,1300,4000
Ammophila_arenaria_(L.)Link,134.857,-12.214,270,1170,150,340,1300,4000
Ammophila_arenaria_(L.)Link,131.637,-12.72,275,1354,150,340,1300,4000
Ammophila_arenaria_(L.)Link,134.955,-12.174,270,1179,150,340,1300,4000
Ammophila_arenaria_(L.)Link,132.54,-11.16,273,1346,150,340,1300,4000
Ammophila_arenaria_(L.)Link,132.463,-12.6,278,1427,150,340,1300,4000
Ammophila_arenaria_(L.)Link,135.401,-12.915,265,1215,150,340,1300,4000
Ammophila_arenaria_(L.)Link,129.822,-14.453,281,1064,150,340,1300,4000
Ammophila_arenaria_(L.)Link,132.317,-12.274,277,1407,150,340,1300,4000
Ammophila_arenaria_(L.)Link,131.061,-12.426,273,1555,150,340,1300,4000
Ammophila_arenaria_(L.)Link,131.235,-12.527,273,1439,150,340,1300,4000
Ammophila_arenaria_(L.)Link,132.535,-12.882,279,1417,150,340,1300,4000
Ammophila_arenaria_(L.)Link,132.193,-12.35,277,1402,150,340,1300,4000
Ammophila_arenaria_(L.)Link,132.129,-12.3,276,1398,150,340,1300,4000
Ammophila_arenaria_(L.)Link,131.687,-12.401,275,1386,150,340,1300,4000
Ammophila_arenaria_(L.)Link,130.218,-13.151,275,1420,150,340,1300,4000
Ammophila_arenaria_(L.)Link,136.932,-12.326,267,1424,150,340,1300,4000
Ammophila_arenaria_(L.)Link,132.036,-12.522,276,1392,150,340,1300,4000
Ammophila_arenaria_(L.)Link,132.918,-12.665,276,1470,150,340,1300,4000
Ammophila_arenaria_(L.)Link,132.865,-12.375,279,1465,150,340,1300,4000
Ammophila_arenaria_(L.)Link,131.614,-12.474,275,1379,150,340,1300,4000
Ammophila_arenaria_(L.)Link,134.268,-12.199,269,1230,150,340,1300,4000
Ammophila_arenaria_(L.)Link,136.501,-13.999,268,1226,150,340,1300,4000
Ammophila_arenaria_(L.)Link,131.586,-12.471,275,1379,150,340,1300,4000
Ammophila_arenaria_(L.)Link,134.933,-12.2,270,1179,150,340,1300,4000
Ammophila_arenaria_(L.)Link,132.325,-12.351,277,1410,150,340,1300,4000
Ammophila_arenaria_(L.)Link,130.418,-13.708,276,1275,150,340,1300,4000
Ammophila_arenaria_(L.)Link,131.772,-12.422,275,1381,150,340,1300,4000
Ammophila_arenaria_(L.)Link,131.771,-12.476,275,1381,150,340,1300,4000
Ammophila_arenaria_(L.)Link,133.727,-11.975,273,1265,150,340,1300,4000
Ammophila_arenaria_(L.)Link,134.263,-12.298,271,1217,150,340,1300,4000
Ammophila_arenaria_(L.)Link,132.435,-12.582,278,1430,150,340,1300,4000
Ammophila_arenaria_(L.)Link,131.657,-12.335,275,1389,150,340,1300,4000
Ammophila_arenaria_(L.)Link,131.925,-12.349,276,1388,150,340,1300,4000
Ammophila_arenaria_(L.)Link,131.995,-12.422,275,1391,150,340,1300,4000
Ammophila_arenaria_(L.)Link,132.267,-12.375,277,1410,150,340,1300,4000
Ammophila_arenaria_(L.)Link,136.234,-12.615,270,1307,150,340,1300,4000
Ammophila_arenaria_(L.)Link,132.467,-12.671,278,1430,150,340,1300,4000
Ammophila_arenaria_(L.)Link,132.513,-12.172,277,1423,150,340,1300,4000
Ammophila_arenaria_(L.)Link,129.841,-13.817,278,1230,150,340,1300,4000
Ammophila_arenaria_(L.)Link,132.888,-12.048,277,1399,150,340,1300,4000
Ammophila_arenaria_(L.)Link,130.24,-13.269,276,1375,150,340,1300,4000
Ammophila_arenaria_(L.)Link,130.588,-11.739,271,1773,150,340,1300,4000
Ammophila_arenaria_(L.)Link,130.091,-14.111,277,1169,150,340,1300,4000
Ammophila_arenaria_(L.)Link,131.233,-12.367,273,1481,150,340,1300,4000
Ammophila_arenaria_(L.)Link,132.287,-12.549,277,1417,150,340,1300,4000
Ammophila_arenaria_(L.)Link,133.018,-12.282,279,1445,150,340,1300,4000
Ammophila_arenaria_(L.)Link,131.888,-12.299,275,1389,150,340,1300,4000
Ammophila_arenaria_(L.)Link,136.028,-13.142,271,1196,150,340,1300,4000
Ammophila_arenaria_(L.)Link,131.705,-12.95,275,1338,150,340,1300,4000
Ammophila_arenaria_(L.)Link,136.605,-12.219,269,1430,150,340,1300,4000
Ammophila_arenaria_(L.)Link,129.785,-13.936,279,1185,150,340,1300,4000
Ammophila_arenaria_(L.)Link,133.412,-14.879,273,814,150,340,1300,4000
Ammophila_arenaria_(L.)Link,130.513,-12.874,274,1484,150,340,1300,4000
Ammophila_arenaria_(L.)Link,131.51,-12.471,274,1384,150,340,1300,4000
Ammophila_arenaria_(L.)Link,130.274,-13.389,276,1349,150,340,1300,4000
Ammophila_arenaria_(L.)Link,132.893,-12.275,279,1457,150,340,1300,4000
Ammophila_arenaria_(L.)Link,132.765,-12.269,279,1451,150,340,1300,4000
Ammophila_arenaria_(L.)Link,132.566,-12.177,277,1423,150,340,1300,4000
Ammophila_arenaria_(L.)Link,136.784,-12.174,268,1454,150,340,1300,4000
Ammophila_arenaria_(L.)Link,134.351,-12.199,268,1224,150,340,1300,4000
Ammophila_arenaria_(L.)Link,130.454,-12.885,275,1490,150,340,1300,4000
Ammophila_arenaria_(L.)Link,134.662,-12.379,269,1188,150,340,1300,4000
Ammophila_arenaria_(L.)Link,134.952,-12.19,270,1179,150,340,1300,4000
Ammophila_arenaria_(L.)Link,134.993,-12.429,271,1183,150,340,1300,4000
Ammophila_arenaria_(L.)Link,135.598,-15.28,273,897,150,340,1300,4000
Ammophila_arenaria_(L.)Link,130.24,-13.201,276,1391,150,340,1300,4000
Ammophila_arenaria_(L.)Link,132.038,-12.35,276,1394,150,340,1300,4000
Ammophila_arenaria_(L.)Link,134.909,-12.534,268,1188,150,340,1300,4000
Ammophila_arenaria_(L.)Link,131.463,-12.459,274,1387,150,340,1300,4000
Ammophila_arenaria_(L.)Link,134.646,-12.125,270,1191,150,340,1300,4000
Ammophila_arenaria_(L.)Link,132.563,-12.15,277,1411,150,340,1300,4000
Ammophila_arenaria_(L.)Link,134.936,-12.197,270,1179,150,340,1300,4000
Ammophila_arenaria_(L.)Link,131.481,-12.354,274,1406,150,340,1300,4000
Ammophila_arenaria_(L.)Link,132.916,-11.722,276,1334,150,340,1300,4000
Ammophila_arenaria_(L.)Link,132.791,-12.047,278,1401,150,340,1300,4000
Ammophila_arenaria_(L.)Link,132.868,-12.465,279,1465,150,340,1300,4000
Ammophila_arenaria_(L.)Link,132.214,-12.519,277,1405,150,340,1300,4000
Ammophila_arenaria_(L.)Link,135.022,-12.286,271,1193,150,340,1300,4000
Ammophila_arenaria_(L.)Link,131.668,-12.342,275,1386,150,340,1300,4000
Ammophila_arenaria_(L.)Link,134.69,-12.07,270,1192,150,340,1300,4000
Ammophila_arenaria_(L.)Link,132.52,-12.797,279,1424,150,340,1300,4000
Ammophila_arenaria_(L.)Link,130.342,-13.44,276,1328,150,340,1300,4000
Ammophila_arenaria_(L.)Link,131.648,-12.355,275,1389,150,340,1300,4000
Ammophila_arenaria_(L.)Link,132.715,-12.247,278,1433,150,340,1300,4000
Ammophila_arenaria_(L.)Link,130.416,-13.6,276,1291,150,340,1300,4000
Ammophila_arenaria_(L.)Link,131.728,-12.432,275,1379,150,340,1300,4000
Ammophila_arenaria_(L.)Link,132.885,-12.665,280,1466,150,340,1300,4000
Ammophila_arenaria_(L.)Link,131.614,-12.445,275,1379,150,340,1300,4000
Ammophila_arenaria_(L.)Link,130.264,-13.177,275,1392,150,340,1300,4000
Ammophila_arenaria_(L.)Link,132.191,-12.449,277,1409,150,340,1300,4000
Ammophila_arenaria_(L.)Link,132.797,-11.922,277,1387,150,340,1300,4000
Ammophila_arenaria_(L.)Link,130.339,-13.2,275,1389,150,340,1300,4000
Ammophila_arenaria_(L.)Link,130.338,-12.974,275,1464,150,340,1300,4000
Ammophila_arenaria_(L.)Link,134.081,-12.291,272,1245,150,340,1300,4000
Ammophila_arenaria_(L.)Link,130.237,-13.349,275,1347,150,340,1300,4000
Ammophila_arenaria_(L.)Link,131.538,-12.321,274,1406,150,340,1300,4000
Ammophila_arenaria_(L.)Link,131.687,-12.384,275,1386,150,340,1300,4000
Ammophila_arenaria_(L.)Link,132.183,-12.444,277,1409,150,340,1300,4000
Ammophila_arenaria_(L.)Link,134.561,-12.232,271,1195,150,340,1300,4000
Ammophila_arenaria_(L.)Link,134.75,-14.756,275,835,150,340,1300,4000
Ammophila_arenaria_(L.)Link,136.693,-12.193,269,1453,150,340,1300,4000
Ammophila_arenaria_(L.)Link,130.918,-12.415,274,1602,150,340,1300,4000
Ammophila_arenaria_(L.)Link,131.662,-12.338,275,1389,150,340,1300,4000
Ammophila_arenaria_(L.)Link,132.475,-12.682,278,1430,150,340,1300,4000
Ammophila_arenaria_(L.)Link,132.813,-12.37,279,1459,150,340,1300,4000
Ammophila_arenaria_(L.)Link,131.837,-12.287,275,1389,150,340,1300,4000
Ammophila_arenaria_(L.)Link,134.645,-12.249,270,1187,150,340,1300,4000
Ammophila_arenaria_(L.)Link,134.911,-12.534,268,1188,150,340,1300,4000
Ammophila_arenaria_(L.)Link,131.62,-12.313,275,1398,150,340,1300,4000
Ammophila_arenaria_(L.)Link,134.989,-12.422,271,1183,150,340,1300,4000
Ammophila_arenaria_(L.)Link,130.464,-13.224,275,1386,150,340,1300,4000
Ammophila_arenaria_(L.)Link,134.924,-12.173,270,1179,150,340,1300,4000
Ammophila_arenaria_(L.)Link,132.979,-12.215,279,1437,150,340,1300,4000
Ammophila_arenaria_(L.)Link,134.986,-12.312,270,1184,150,340,1300,4000
Ammophila_arenaria_(L.)Link,132.339,-12.475,278,1421,150,340,1300,4000
Ammophila_arenaria_(L.)Link,136.468,-13.965,271,1229,150,340,1300,4000
Ammophila_arenaria_(L.)Link,131.646,-12.323,275,1398,150,340,1300,4000
Ammophila_arenaria_(L.)Link,129.992,-13.548,277,1296,150,340,1300,4000
Ammophila_arenaria_(L.)Link,130.014,-14.223,279,1138,150,340,1300,4000
Ammophila_arenaria_(L.)Link,132.335,-12.499,278,1421,150,340,1300,4000
Ammophila_arenaria_(L.)Link,131.635,-12.349,275,1389,150,340,1300,4000
Ammophila_arenaria_(L.)Link,129.811,-14.199,280,1124,150,340,1300,4000
Ammophila_arenaria_(L.)Link,131.651,-12.699,275,1354,150,340,1300,4000
Ammophila_arenaria_(L.)Link,134.616,-12.202,270,1187,150,340,1300,4000
Ammophila_arenaria_(L.)Link,132.186,-11.165,274,1343,150,340,1300,4000
Ammophila_arenaria_(L.)Link,132.764,-12.354,279,1459,150,340,1300,4000
Ammophila_arenaria_(L.)Link,132.818,-12.27,279,1451,150,340,1300,4000
Ammophila_arenaria_(L.)Link,130.968,-12.449,274,1613,150,340,1300,4000
Ammophila_arenaria_(L.)Link,131.625,-12.35,275,1389,150,340,1300,4000
Ammophila_arenaria_(L.)Link,133.057,-12.302,279,1445,150,340,1300,4000
Ammophila_arenaria_(L.)Link,131.687,-12.474,275,1379,150,340,1300,4000
Ammophila_arenaria_(L.)Link,130.289,-13.015,275,1440,150,340,1300,4000
Ammophila_arenaria_(L.)Link,130.513,-12.848,274,1484,150,340,1300,4000
Ammophila_arenaria_(L.)Link,129.596,-14.443,282,1053,150,340,1300,4000
Ammophila_arenaria_(L.)Link,135.001,-12.399,271,1194,150,340,1300,4000
Ammophila_arenaria_(L.)Link,132.335,-11.121,274,1341,150,340,1300,4000
Ammophila_arenaria_(L.)Link,136.138,-13.425,271,1150,150,340,1300,4000
Ammophila_arenaria_(L.)Link,130.918,-12.349,274,1602,150,340,1300,4000
Ammophila_arenaria_(L.)Link,136.435,-13.999,271,1229,150,340,1300,4000
Ammophila_arenaria_(L.)Link,130.272,-13.49,276,1329,150,340,1300,4000
Ammophila_arenaria_(L.)Link,130.263,-12.974,275,1461,150,340,1300,4000
Ammophila_arenaria_(L.)Link,130.875,-15.405,272,909,150,340,1300,4000
Ammophila_arenaria_(L.)Link,135.014,-12.277,271,1193,150,340,1300,4000
Ammophila_arenaria_(L.)Link,132.314,-12.33,277,1407,150,340,1300,4000
Ammophila_arenaria_(L.)Link,134.643,-12.045,270,1197,150,340,1300,4000
Ammophila_arenaria_(L.)Link,130.46,-13.004,275,1436,150,340,1300,4000
Ammophila_arenaria_(L.)Link,132.522,-12.577,278,1440,150,340,1300,4000
Ammophila_arenaria_(L.)Link,129.791,-14.099,279,1144,150,340,1300,4000
Ammophila_arenaria_(L.)Link,143.167,-9.083,267,2053,150,340,1300,4000
Ammophila_arenaria_(L.)Link,143.167,-8.583,265,2343,150,340,1300,4000
Anthephora_pubescens_Nees,9.85,2.7,253,2672,150,380,800,3000
Anthephora_pubescens_Nees,2.7,9.85,263,1084,150,380,800,3000
Anthephora_pubescens_Nees,2.25,9.75,267,1124,150,380,800,3000
Anthephora_pubescens_Nees,3.23,10.15,263,1151,150,380,800,3000
Anthephora_pubescens_Nees,2.32,10.12,264,1113,150,380,800,3000
Anthephora_pubescens_Nees,2.65,7.03,275,1110,150,380,800,3000
Anthephora_pubescens_Nees,8.55,10.33,244,1260,150,380,800,3000
Anthephora_pubescens_Nees,10.8,8.03,273,1219,150,380,800,3000
Anthephora_pubescens_Nees,8.88,3.63,207,2587,150,380,800,3000
Anthephora_pubescens_Nees,10.75,8.25,271,1178,150,380,800,3000
Anthephora_pubescens_Nees,0.03,9.42,275,1193,150,380,800,3000
Anthephora_pubescens_Nees,7.32,5.45,261,2182,150,380,800,3000
Anthephora_pubescens_Nees,9.92,2.92,256,2695,150,380,800,3000
Anthephora_pubescens_Nees,1.55,9.83,260,1214,150,380,800,3000
Anthephora_pubescens_Nees,1.67,9.7,263,1221,150,380,800,3000
Anthephora_pubescens_Nees,2.55,8.67,268,1101,150,380,800,3000
Anthephora_pubescens_Nees,8.58,8.42,274,1309,150,380,800,3000
Anthephora_pubescens_Nees,0.48,8.35,273,1232,150,380,800,3000
Anthephora_pubescens_Nees,2.1,10.8,270,1063,150,380,800,3000
Anthephora_pubescens_Nees,10.05,2.47,250,2519,150,380,800,3000
Anthephora_pubescens_Nees,2.13,6.73,270,1060,150,380,800,3000
Anthephora_pubescens_Nees,1.72,9.67,263,1221,150,380,800,3000
Anthephora_pubescens_Nees,8.08,7.23,268,1470,150,380,800,3000
Anthephora_pubescens_Nees,10,1.5,230,2359,150,380,800,3000
Anthephora_pubescens_Nees,3.63,8.92,260,1165,150,380,800,3000
Anthephora_pubescens_Nees,2.67,6.97,271,1161,150,380,800,3000
Anthephora_pubescens_Nees,10.15,3.23,258,2570,150,380,800,3000
Anthephora_pubescens_Nees,9.72,1.75,251,2265,150,380,800,3000
Anthephora_pubescens_Nees,8.67,3.33,223,2460,150,380,800,3000
Anthephora_pubescens_Nees,0.4,8.48,275,1225,150,380,800,3000
Anthephora_pubescens_Nees,8.88,3.6,207,2587,150,380,800,3000
Anthephora_pubescens_Nees,9.92,2.93,256,2695,150,380,800,3000
Anthephora_pubescens_Nees,0.47,8.48,273,1223,150,380,800,3000
Anthephora_pubescens_Nees,2.63,7.22,275,1075,150,380,800,3000
Anthephora_pubescens_Nees,2.17,8.02,274,1102,150,380,800,3000
Calopogonium_mucunoides_Ds.,35.346,-2.994,202,507,150,350,300,1500
Calopogonium_mucunoides_Ds.,35.307,-2.958,199,535,150,350,300,1500
Calopogonium_mucunoides_Ds.,35.335,-2.989,202,507,150,350,300,1500
Calopogonium_mucunoides_Ds.,-117,34,167,440,150,350,300,1500
Calopogonium_mucunoides_Ds.,42,9.383,173,839,150,350,300,1500
Calopogonium_mucunoides_Ds.,151.083,-34.017,170,1221,150,350,300,1500
Calopogonium_mucunoides_Ds.,149.05,-35.23,129,704,150,350,300,1500
Clitoria_ternatea_L.,-97.773,33.375,178,834,40,300,500,1100
Clitoria_ternatea_L.,-99.25,49.717,26,455,40,300,500,1100
Clitoria_ternatea_L.,-112,34.5,152,466,40,300,500,1100
Clitoria_ternatea_L.,-99.701,35.571,146,622,40,300,500,1100
Clitoria_ternatea_L.,-101.163,39.807,102,530,40,300,500,1100
Clitoria_ternatea_L.,-98.262,37.285,137,717,40,300,500,1100
Clitoria_ternatea_L.,-99.729,35.608,148,607,40,300,500,1100
Clitoria_ternatea_L.,-100.55,42.71,86,509,40,300,500,1100
Clitoria_ternatea_L.,-100.213,37.026,136,543,40,300,500,1100
Clitoria_ternatea_L.,-104.357,41.45,80,409,40,300,500,1100
Clitoria_ternatea_L.,-102.676,38.509,104,365,40,300,500,1100
Clitoria_ternatea_L.,-98.335,38.21,131,683,40,300,500,1100
Clitoria_ternatea_L.,-103.384,46.642,59,390,40,300,500,1100
Clitoria_ternatea_L.,-100.738,40.752,93,522,40,300,500,1100
Clitoria_ternatea_L.,-101.021,37.177,133,477,40,300,500,1100
Clitoria_ternatea_L.,-100.026,37.432,127,564,40,300,500,1100
Clitoria_ternatea_L.,-97.13,46.554,53,505,40,300,500,1100
Clitoria_ternatea_L.,-98.631,42.045,87,602,40,300,500,1100
Clitoria_ternatea_L.,-103.164,38.849,97,360,40,300,500,1100
Clitoria_ternatea_L.,-100.376,37.17,132,535,40,300,500,1100
Clitoria_ternatea_L.,-98.667,38.479,130,650,40,300,500,1100
Clitoria_ternatea_L.,-102.279,42.466,76,458,40,300,500,1100
Clitoria_ternatea_L.,-98.552,41.884,87,620,40,300,500,1100
Clitoria_ternatea_L.,-103.203,38.851,97,354,40,300,500,1100
Clitoria_ternatea_L.,-103.577,42.719,76,411,40,300,500,1100
Clitoria_ternatea_L.,-101.48,40.092,102,493,40,300,500,1100
Clitoria_ternatea_L.,-101.965,38.939,109,434,40,300,500,1100
Clitoria_ternatea_L.,-99.858,42.327,87,598,40,300,500,1100
Clitoria_ternatea_L.,-102.376,41.736,81,425,40,300,500,1100
Clitoria_ternatea_L.,-101.045,41.869,87,514,40,300,500,1100
Clitoria_ternatea_L.,-99.135,41.883,88,595,40,300,500,1100
Clitoria_ternatea_L.,-101.412,37.228,128,455,40,300,500,1100
Clitoria_ternatea_L.,-100.866,37.895,122,472,40,300,500,1100
Clitoria_ternatea_L.,-101.754,37.956,117,400,40,300,500,1100
Clitoria_ternatea_L.,-98.257,38.348,128,690,40,300,500,1100
Clitoria_ternatea_L.,-99.796,39.647,113,553,40,300,500,1100
Clitoria_ternatea_L.,-96.349,40.15,109,826,40,300,500,1100
Clitoria_ternatea_L.,-100.013,37.417,127,564,40,300,500,1100
Clitoria_ternatea_L.,-101.389,37.047,131,459,40,300,500,1100
Clitoria_ternatea_L.,-101.006,37.423,128,470,40,300,500,1100
Clitoria_ternatea_L.,-99.691,35.563,146,622,40,300,500,1100
Clitoria_ternatea_L.,-101.936,37.132,126,420,40,300,500,1100
Clitoria_ternatea_L.,-96.831,39.057,123,838,40,300,500,1100
Clitoria_ternatea_L.,-99.686,35.577,146,622,40,300,500,1100
Clitoria_ternatea_L.,-101.359,37.454,126,432,40,300,500,1100
Clitoria_ternatea_L.,-101.767,39.218,108,451,40,300,500,1100
Clitoria_ternatea_L.,-101.888,37.012,127,434,40,300,500,1100
Clitoria_ternatea_L.,-103.162,38.849,97,360,40,300,500,1100
Clitoria_ternatea_L.,-102.708,36.606,124,413,40,300,500,1100
Clitoria_ternatea_L.,-100.575,41.98,84,542,40,300,500,1100
Clitoria_ternatea_L.,-98.255,38.711,123,693,40,300,500,1100
Clitoria_ternatea_L.,-99.324,37.299,136,628,40,300,500,1100
Clitoria_ternatea_L.,-98.589,37.282,136,669,40,300,500,1100
Clitoria_ternatea_L.,-101.316,38,121,438,40,300,500,1100
Clitoria_ternatea_L.,-101.385,42.92,82,482,40,300,500,1100
Clitoria_ternatea_L.,-99.106,37.653,132,629,40,300,500,1100
Clitoria_ternatea_L.,-97.973,45.882,57,490,40,300,500,1100
Clitoria_ternatea_L.,-98.848,42.91,91,587,40,300,500,1100
Clitoria_ternatea_L.,-101.358,38.586,112,450,40,300,500,1100
Clitoria_ternatea_L.,-99.731,35.545,146,622,40,300,500,1100
Clitoria_ternatea_L.,-101.006,42.043,88,525,40,300,500,1100
Clitoria_ternatea_L.,-100.251,39.363,116,537,40,300,500,1100
Clitoria_ternatea_L.,-103.792,42.104,79,380,40,300,500,1100
Clitoria_ternatea_L.,-100.005,38.084,123,549,40,300,500,1100
Clitoria_ternatea_L.,-108.028,43.223,73,210,40,300,500,1100
Clitoria_ternatea_L.,-99.749,35.546,146,622,40,300,500,1100
Clitoria_ternatea_L.,-100.347,37.765,122,542,40,300,500,1100
Clitoria_ternatea_L.,-97.93,38.145,128,740,40,300,500,1100
Clitoria_ternatea_L.,-98.978,42.35,87,592,40,300,500,1100
Clitoria_ternatea_L.,-98.188,37.647,136,719,40,300,500,1100
Clitoria_ternatea_L.,-98.897,37.475,134,652,40,300,500,1100
Clitoria_ternatea_L.,-97.669,38.087,130,767,40,300,500,1100
Clitoria_ternatea_L.,-103.506,38.715,93,336,40,300,500,1100
Clitoria_ternatea_L.,-102.038,37.486,121,398,40,300,500,1100
Clitoria_ternatea_L.,-101.933,39.669,106,448,40,300,500,1100
Clitoria_ternatea_L.,-98.662,37.585,134,673,40,300,500,1100
Clitoria_ternatea_L.,-100.99,38.85,117,481,40,300,500,1100
Clitoria_ternatea_L.,-97.428,38.044,130,796,40,300,500,1100
Clitoria_ternatea_L.,-100.563,38.431,115,521,40,300,500,1100
Clitoria_ternatea_L.,-99.718,35.538,146,622,40,300,500,1100
Clitoria_ternatea_L.,-98.508,37.282,136,681,40,300,500,1100
Clitoria_ternatea_L.,-99.374,38.655,121,579,40,300,500,1100
Clitoria_ternatea_L.,-100.444,37.168,131,530,40,300,500,1100
Clitoria_ternatea_L.,-103.137,41.456,86,438,40,300,500,1100
Clitoria_ternatea_L.,-102.613,39.475,99,410,40,300,500,1100
Clitoria_ternatea_L.,-99.41,37.88,128,608,40,300,500,1100
Clitoria_ternatea_L.,-103.003,42.778,86,415,40,300,500,1100
Clitoria_ternatea_L.,-102.237,42.035,78,421,40,300,500,1100
Clitoria_ternatea_L.,-102.122,41.094,91,445,40,300,500,1100
Clitoria_ternatea_L.,-102.666,38.791,99,379,40,300,500,1100
Clitoria_ternatea_L.,-98.647,42.779,91,579,40,300,500,1100
Clitoria_ternatea_L.,-100.046,37.738,126,563,40,300,500,1100
Clitoria_ternatea_L.,-99.987,37.76,126,569,40,300,500,1100
Clitoria_ternatea_L.,-99.209,38.155,129,607,40,300,500,1100
Clitoria_ternatea_L.,-97.557,37.505,137,772,40,300,500,1100
Clitoria_ternatea_L.,-103.9,42.76,76,390,40,300,500,1100
Clitoria_ternatea_L.,-111.01,36.01,118,198,40,300,500,1100
Clitoria_ternatea_L.,-104.4,41.75,85,388,40,300,500,1100
Clitoria_ternatea_L.,-103.68,41.69,83,394,40,300,500,1100
Clitoria_ternatea_L.,-110.89,37.25,145,119,40,300,500,1100
Clitoria_ternatea_L.,-104.86,42.55,79,338,40,300,500,1100
Clitoria_ternatea_L.,-108.02,43.22,73,210,40,300,500,1100
Clitoria_ternatea_L.,-109.33,37.26,124,228,40,300,500,1100
Clitoria_ternatea_L.,-100.53,42.86,86,480,40,300,500,1100
Clitoria_ternatea_L.,-103.45,46.73,59,389,40,300,500,1100
Clitoria_ternatea_L.,-111.87,37.1,129,187,40,300,500,1100
Clitoria_ternatea_L.,-111.01,37.85,109,200,40,300,500,1100
Clitoria_ternatea_L.,-101.97,42.8,80,455,40,300,500,1100
Clitoria_ternatea_L.,-102.11,34.89,139,462,40,300,500,1100
Clitoria_ternatea_L.,-100.77,48.28,44,427,40,300,500,1100
